{
  "env": {
    "audio": "zh_long.wav",
    "audio_duration_sec": 54.9649375,
    "model": "small",
    "language": null,
    "task": "transcribe",
    "backend_requested": "native",
    "native_isa_requested": "avx2",
    "env_ATEN_CPU_CAPABILITY": "avx2",
    "mkldnn_available": true,
    "mkldnn_enabled": false,
    "onednn_isa_requested": "auto",
    "env_ONEDNN_MAX_CPU_ISA": null,
    "env_DNNL_MAX_CPU_ISA": null,
    "cpu_capability": "AVX2",
    "torch_num_threads": 128,
    "torch_num_interop_threads": 128,
    "warmup": 3,
    "repeat": 5,
    "decoder_tokens": 16,
    "profile_sections": [],
    "profile_sort_by": "self_cpu_time_total",
    "interop_set_status": "unused"
  },
  "bench": {
    "encoder_30s_chunk": {
      "times_sec": [
        0.24556185794062912,
        0.23724276898428798,
        0.23360652709379792,
        0.24662455008365214,
        0.2713583488948643
      ],
      "output_shape": [
        1,
        1500,
        768
      ],
      "chunk_sec": 30.0,
      "rtf_mean": 0.008229293686648211,
      "rtf_median": 0.008185395264687638
    },
    "decoder_step": {
      "times_sec": [
        0.025796882109716535,
        0.02560243895277381,
        0.02528728498145938,
        0.025185550097376108,
        0.02510949899442494
      ],
      "prefix_len": 16,
      "logits_shape": [
        1,
        16,
        51865
      ],
      "steps_per_sec_mean": 39.37576648102995,
      "next_token": [
        34859
      ]
    },
    "full_transcribe": {
      "times_sec": [
        3.8859396940097213,
        3.9229163490235806,
        3.5936683448962867,
        3.391771493013948,
        3.391335380030796
      ],
      "audio_duration_sec": 54.9649375,
      "rtf_mean": 0.06617175271408007,
      "rtf_median": 0.065381104907038,
      "text_preview": "我认为跑步最重要的就是给我带来了身体健康我认为跑步最重要的就是给我带来了身体健康我认为跑步最重要的就是给我带来了身体健康我认为跑步最重要的就是给我带来了身体健康我认为跑步最重要的就是给我带来了身体健康我认为跑步最重要的就是给我带来了身体健康我认为跑步最重要的就是给我带来了身体健康我认为跑步最重要的就是给我带来了身体健康我认为跑步最重要的就是给我带来了身体健康我认为跑步最重要的就是给我带来了身体健康我認為跑步最重要的就是給我帶來了身體健康",
      "text_len": 220,
      "num_segments": 11
    }
  }
}